1733137,48.80151462,2.13152384,130.235,155.419,1.375,-3.138
1773137,48.80151395,2.13152429,130.237,155.274,1.388,-3.171
1813689,48.80151329,2.13152474,130.239,155.134,1.383,-3.195
1853199,48.80151263,2.1315252,130.241,154.992,1.345,-3.207
1893163,48.80151198,2.13152566,130.243,154.832,1.309,-3.259
1933127,48.80151133,2.13152611,130.246,154.669,1.282,-3.246
1973151,48.80151068,2.13152656,130.249,154.496,1.262,-3.236
2013713,48.80151004,2.13152701,130.251,154.33,1.225,-3.255
2053161,48.8015094,2.13152747,130.254,154.18,1.2,-3.259
2093185,48.80150876,2.13152793,130.257,154.033,1.185,-3.266
2133147,48.80150663,2.13152753,130.262,153.894,1.174,-3.309
2173180,48.80150597,2.131528,130.264,153.749,1.174,-3.336
2213675,48.8015053,2.13152847,130.265,153.589,1.169,-3.381
2253134,48.80150463,2.13152895,130.267,153.427,1.157,-3.43
2293130,48.80150395,2.13152944,130.269,153.276,1.152,-3.449
2333181,48.80150326,2.13152995,130.272,153.123,1.131,-3.5
2373125,48.80150256,2.13153046,130.274,152.97,1.101,-3.502
2413680,48.80150185,2.13153099,130.277,152.822,1.052,-3.513
2453156,48.80150113,2.13153153,130.281,152.67,1,-3.517
2493187,48.8015004,2.13153208,130.284,152.509,0.939,-3.519
2533173,48.80149966,2.13153265,130.287,152.341,0.929,-3.55
2573136,48.80149776,2.13153312,130.287,152.186,0.952,-3.516
2613667,48.80149697,2.13153372,130.29,152.027,0.921,-3.541
2653150,48.80149618,2.13153432,130.293,151.878,0.86,-3.569
2693169,48.80149537,2.13153495,130.295,151.726,0.823,-3.615
2733117,48.80149454,2.1315356,130.298,151.566,0.832,-3.681
2773117,48.80149369,2.13153627,130.301,151.402,0.83,-3.706
2813733,48.80149283,2.13153695,130.305,151.218,0.796,-3.743
2853129,48.80149194,2.13153765,130.309,151.04,0.759,-3.737
2893157,48.80149104,2.13153837,130.313,150.856,0.755,-3.72
2933117,48.80149012,2.13153912,130.317,150.675,0.757,-3.7
2973178,48.80148919,2.13153988,130.321,150.511,0.769,-3.687
3013699,48.80148875,2.13154,130.327,150.335,0.773,-3.698
3053167,48.80148778,2.1315408,130.331,150.151,0.73,-3.698
3093157,48.80148679,2.13154162,130.335,149.958,0.682,-3.722
3133152,48.80148578,2.13154247,130.34,149.759,0.653,-3.702
3173110,48.80148476,2.13154335,130.345,149.563,0.627,-3.68
3213685,48.80148371,2.13154425,130.349,149.366,0.581,-3.651
3253089,48.80148265,2.13154517,130.354,149.175,0.513,-3.61
3293115,48.80148156,2.13154611,130.359,148.986,0.446,-3.582
3333140,48.80148046,2.13154708,130.364,148.811,0.395,-3.539
3373102,48.80147934,2.13154808,130.369,148.645,0.383,-3.531
3413668,48.80147821,2.1315491,130.373,148.479,0.403,-3.506
3453097,48.80147704,2.13155013,130.377,148.292,0.352,-3.531
3493148,48.80147586,2.13155118,130.387,148.139,0.33,-3.575
3533107,48.80147467,2.13155226,130.392,147.994,0.266,-3.475
3573124,48.80147347,2.13155337,130.399,147.867,0.2,-3.409
3613671,48.80147225,2.13155451,130.406,147.778,0.172,-3.329
3653105,48.80147102,2.13155566,130.412,147.664,0.096,-3.243
3693199,48.80146976,2.13155683,130.417,147.569,0.002,-3.22
3733183,48.80146849,2.13155801,130.422,147.499,-0.057,-3.183
3773097,48.80146721,2.13155922,130.428,147.43,-0.112,-3.121
3813722,48.80146592,2.13156044,130.434,147.382,-0.165,-3.066
3853119,48.80146461,2.13156168,130.439,147.335,-0.246,-2.984
3893196,48.8014633,2.13156293,130.444,147.285,-0.291,-2.942
3933107,48.80146197,2.13156419,130.452,147.24,-0.307,-2.889
3973107,48.80146065,2.13156544,130.457,147.186,-0.378,-2.802
4013688,48.80145932,2.1315667,130.463,147.142,-0.417,-2.74
4053114,48.801458,2.13156796,130.468,147.093,-0.407,-2.667
4093127,48.80145669,2.13156922,130.474,147.05,-0.388,-2.602
4133121,48.80145537,2.13157048,130.48,147.011,-0.373,-2.559
4173116,48.80145405,2.13157174,130.484,146.979,-0.403,-2.531
4213677,48.80145273,2.131573,130.488,146.942,-0.446,-2.564
4253157,48.80145141,2.13157427,130.492,146.911,-0.473,-2.559
4293131,48.80145008,2.13157556,130.496,146.878,-0.475,-2.555
4333107,48.80144875,2.13157684,130.499,146.822,-0.5,-2.578
4373085,48.80144741,2.13157813,130.502,146.765,-0.551,-2.586
4413690,48.80144608,2.13157943,130.506,146.722,-0.585,-2.6
4453130,48.80144474,2.13158072,130.509,146.688,-0.667,-2.588
4493129,48.8014434,2.13158203,130.513,146.658,-0.691,-2.597
4533095,48.80144207,2.13158335,130.517,146.649,-0.679,-2.546
4573113,48.80144073,2.13158465,130.521,146.632,-0.671,-2.46
4613667,48.80143939,2.13158595,130.525,146.619,-0.663,-2.437
4653142,48.80143805,2.13158726,130.529,146.598,-0.638,-2.361
4693157,48.80143671,2.13158857,130.533,146.569,-0.6,-2.315
4733167,48.80143537,2.13158987,130.537,146.561,-0.544,-2.297
4773091,48.80143402,2.13159118,130.542,146.55,-0.481,-2.2
4813657,48.80143268,2.13159248,130.544,146.537,-0.473,-2.171
4853170,48.80143134,2.13159379,130.548,146.55,-0.415,-2.072
4893113,48.80143,2.1315951,130.552,146.593,-0.372,-2.016
4933088,48.80142867,2.13159642,130.556,146.625,-0.365,-1.942
4973087,48.80142733,2.13159772,130.56,146.652,-0.405,-1.876
5013714,48.801426,2.13159902,130.564,146.686,-0.496,-1.871
5053128,48.80142467,2.13160032,130.569,146.718,-0.567,-1.828
5093094,48.80142335,2.13160162,130.572,146.77,-0.609,-1.827
5133120,48.80142202,2.13160292,130.575,146.843,-0.594,-1.855
5173090,48.80142069,2.1316042,130.576,146.923,-0.617,-1.855
5213645,48.80141936,2.13160547,130.577,147.018,-0.634,-1.931
5253125,48.80141803,2.13160675,130.579,147.158,-0.611,-1.951
5293112,48.8014167,2.13160802,130.582,147.307,-0.599,-1.951
5333144,48.80141538,2.13160928,130.584,147.449,-0.572,-1.971
5373091,48.80141405,2.13161054,130.586,147.625,-0.536,-1.982
5413647,48.80141273,2.13161178,130.588,147.783,-0.475,-2.069
5453100,48.8014114,2.13161301,130.589,147.946,-0.44,-2.154
5493150,48.80141007,2.13161424,130.59,148.121,-0.373,-2.262
5533090,48.80140874,2.13161545,130.59,148.311,-0.324,-2.349
5573103,48.80140742,2.13161666,130.593,148.472,-0.319,-2.371
5613638,48.8014061,2.13161785,130.596,148.643,-0.332,-2.358
5653076,48.80140479,2.13161903,130.601,148.807,-0.365,-2.299
5693104,48.8014035,2.13162019,130.605,148.944,-0.407,-2.234
5733148,48.80140286,2.13162203,130.612,149.078,-0.463,-2.221
5773075,48.80140159,2.13162316,130.615,149.208,-0.523,-2.218
5813639,48.80140034,2.13162429,130.618,149.334,-0.542,-2.25
5853168,48.80139909,2.13162539,130.621,149.469,-0.532,-2.273
5893162,48.80139786,2.13162648,130.623,149.612,-0.551,-2.302
5933084,48.80139663,2.13162756,130.625,149.759,-0.578,-2.309
5973070,48.8013954,2.13162863,130.628,149.897,-0.578,-2.312
6013677,48.80139418,2.13162969,130.632,150.042,-0.547,-2.269
6053132,48.80139297,2.13163073,130.636,150.182,-0.529,-2.22
6093088,48.80139176,2.13163176,130.641,150.322,-0.542,-2.157
6133100,48.80139055,2.13163278,130.645,150.458,-0.55,-2.111
6173131,48.80138947,2.13163412,130.646,150.606,-0.502,-2.1
6213640,48.80138827,2.13163514,130.649,150.757,-0.444,-2.117
6253144,48.80138707,2.13163615,130.652,150.905,-0.446,-2.145
6293121,48.80138587,2.13163714,130.655,151.052,-0.492,-2.152
6333082,48.80138467,2.13163814,130.658,151.203,-0.538,-2.131
6373136,48.80138347,2.13163913,130.662,151.349,-0.566,-2.1
6413668,48.80138228,2.13164012,130.665,151.49,-0.602,-2.055
6453081,48.80138109,2.1316411,130.668,151.623,-0.634,-2.024
6493105,48.8013799,2.13164206,130.672,151.756,-0.653,-1.982
6533119,48.80137871,2.13164302,130.676,151.893,-0.63,-1.939
6573086,48.80137752,2.13164397,130.679,152.038,-0.612,-1.912
6613633,48.80137633,2.13164491,130.686,152.18,-0.611,-1.886
6653074,48.80137515,2.13164585,130.688,152.319,-0.594,-1.875
6693169,48.80137396,2.13164678,130.69,152.453,-0.547,-1.855
6733137,48.80137278,2.13164771,130.692,152.569,-0.509,-1.831
6773069,48.80137159,2.13164863,130.693,152.669,-0.505,-1.821
6813633,48.8013704,2.13164954,130.695,152.769,-0.529,-1.794
6853159,48.80136922,2.13165045,130.697,152.865,-0.521,-1.768
6893097,48.80136805,2.13165136,130.7,152.955,-0.456,-1.731
6933102,48.80136687,2.13165226,130.704,153.035,-0.395,-1.68
6973060,48.8013657,2.13165314,130.707,153.1,-0.386,-1.679
7013674,48.80136453,2.13165402,130.709,153.167,-0.428,-1.696
7053121,48.80136338,2.13165489,130.712,153.239,-0.451,-1.743
7093143,48.80136223,2.13165577,130.721,153.309,-0.466,-1.788
7133096,48.80136109,2.13165663,130.724,153.376,-0.49,-1.796
7173133,48.80135997,2.13165748,130.727,153.438,-0.532,-1.79
7213606,48.80135886,2.13165831,130.73,153.495,-0.565,-1.759
7253071,48.80135776,2.13165913,130.732,153.555,-0.56,-1.771
7293087,48.80135667,2.13165995,130.733,153.625,-0.559,-1.832
7333069,48.80135557,2.13166076,130.733,153.697,-0.562,-1.93
7373102,48.80135445,2.13166159,130.732,153.767,-0.592,-2.104
7413603,48.80135332,2.13166242,130.73,153.855,-0.582,-2.215
7453070,48.80135218,2.13166326,130.729,153.919,-0.572,-2.384
7493116,48.80135102,2.1316641,130.726,153.988,-0.569,-2.539
7533105,48.80134984,2.13166496,130.73,154.065,-0.546,-2.634
7573081,48.80134864,2.13166583,130.729,154.128,-0.551,-2.805
7613603,48.80134742,2.13166671,130.729,154.207,-0.521,-2.823
7653122,48.80134619,2.1316676,130.73,154.28,-0.475,-2.934
7693157,48.80134493,2.13166849,130.733,154.349,-0.442,-2.925
7733128,48.80134366,2.1316694,130.737,154.407,-0.413,-2.907
7773061,48.80134237,2.13167031,130.742,154.462,-0.389,-2.916
7813612,48.80134107,2.13167125,130.747,154.511,-0.374,-2.835
7853123,48.80133974,2.13167219,130.752,154.55,-0.381,-2.848
7893127,48.8013384,2.13167314,130.756,154.596,-0.405,-2.831
7933059,48.80133704,2.13167411,130.759,154.628,-0.463,-2.843
7973053,48.80133566,2.1316751,130.733,154.653,-0.502,-2.872
8013637,48.80133426,2.1316761,130.736,154.681,-0.514,-2.859
8053053,48.80133284,2.1316771,130.74,154.697,-0.521,-2.888
8093146,48.8013314,2.13167812,130.743,154.714,-0.521,-2.897
8133085,48.80132995,2.13167914,130.747,154.738,-0.497,-2.901
8173045,48.80132848,2.13168017,130.751,154.763,-0.484,-2.909
8213625,48.80132699,2.13168122,130.755,154.792,-0.467,-2.875
8253094,48.8013255,2.13168227,130.76,154.817,-0.435,-2.861
8293068,48.80132399,2.13168333,130.764,154.841,-0.384,-2.832
8333050,48.80132247,2.13168439,130.769,154.86,-0.351,-2.814
8373068,48.80132094,2.13168546,130.773,154.88,-0.361,-2.775
8413591,48.80131941,2.13168653,130.784,154.901,-0.405,-2.701
8453076,48.80131788,2.13168761,130.789,154.931,-0.418,-2.591
8493091,48.80131636,2.13168868,130.794,154.949,-0.461,-2.522
8533067,48.80131485,2.13168975,130.8,154.98,-0.469,-2.475
8573065,48.80131333,2.13169081,130.804,155.012,-0.509,-2.388
8613590,48.80131182,2.13169188,130.808,155.013,-0.525,-2.404
8653116,48.80131031,2.13169293,130.813,155.046,-0.515,-2.36
8693105,48.8013088,2.13169398,130.818,155.057,-0.509,-2.342
8733051,48.80130729,2.13169502,130.823,155.061,-0.507,-2.326
8773050,48.80130579,2.13169606,130.828,155.083,-0.494,-2.296
8813695,48.80130429,2.13169711,130.832,155.097,-0.5,-2.286
8853130,48.80130279,2.13169815,130.836,155.119,-0.485,-2.263
8893120,48.80130095,2.13170007,130.849,155.139,-0.464,-2.248
8933040,48.80129945,2.13170111,130.853,155.155,-0.44,-2.262
8973045,48.80129796,2.13170215,130.856,155.175,-0.434,-2.29
9013796,48.80129647,2.13170319,130.858,155.199,-0.431,-2.335
9053046,48.80129499,2.13170423,130.861,155.223,-0.418,-2.378
9093113,48.8012935,2.13170527,130.864,155.247,-0.389,-2.398
9133070,48.80129202,2.13170629,130.868,155.262,-0.366,-2.414
9173056,48.80129054,2.13170732,130.872,155.264,-0.351,-2.419
9213739,48.80128905,2.13170835,130.875,155.269,-0.328,-2.407
9253107,48.80128757,2.13170938,130.879,155.291,-0.3,-2.44
9293073,48.80128608,2.13171041,130.882,155.313,-0.296,-2.424
9333052,48.80128434,2.13171212,130.889,155.335,-0.317,-2.42
9373062,48.80128284,2.13171317,130.892,155.36,-0.325,-2.397
9413691,48.80128134,2.13171422,130.896,155.38,-0.312,-2.365
9453108,48.80127983,2.13171527,130.899,155.395,-0.291,-2.335
9493117,48.80127832,2.13171633,130.903,155.41,-0.248,-2.273
9533045,48.8012768,2.13171738,130.907,155.425,-0.204,-2.216
9573079,48.80127527,2.13171843,130.911,155.437,-0.133,-2.174
9613690,48.80127374,2.13171949,130.916,155.452,-0.014,-2.161
9653080,48.80127222,2.13172054,130.92,155.47,0.098,-2.157
9693160,48.80127069,2.13172159,130.925,155.485,0.169,-2.154
9733080,48.80126915,2.13172265,130.929,155.501,0.209,-2.161
9773047,48.80126771,2.13172392,130.93,155.511,0.239,-2.18
9813687,48.80126615,2.131725,130.932,155.52,0.289,-2.203
9853101,48.80126459,2.13172609,130.934,155.524,0.357,-2.233
9893104,48.80126301,2.13172718,130.936,155.526,0.415,-2.257
9933060,48.80126142,2.13172828,130.938,155.532,0.446,-2.281
9973048,48.80125982,2.13172939,130.94,155.543,0.487,-2.281
10013741,48.80125821,2.1317305,130.942,155.55,0.563,-2.303
10053037,48.80125659,2.13173162,130.944,155.559,0.669,-2.36
10093082,48.80125496,2.13173274,130.945,155.565,0.756,-2.411
10133083,48.80125333,2.13173386,130.947,155.569,0.834,-2.488
10173042,48.80125169,2.13173499,130.951,155.577,0.932,-2.511
10213758,48.80124991,2.1317362,130.955,155.589,1.044,-2.511
10253039,48.80124824,2.13173735,130.96,155.597,1.143,-2.529
10293062,48.80124657,2.1317385,130.964,155.609,1.217,-2.528
10333036,48.80124489,2.13173965,130.967,155.619,1.254,-2.549
10373043,48.80124321,2.13174081,130.971,155.616,1.294,-2.552
10413737,48.80124152,2.13174197,130.974,155.613,1.341,-2.561
10453069,48.80123982,2.13174314,130.977,155.61,1.359,-2.608
10493117,48.80123811,2.13174431,130.98,155.6,1.332,-2.657
10533035,48.8012364,2.13174549,130.983,155.592,1.284,-2.723
10573099,48.80123467,2.13174668,130.987,155.589,1.235,-2.764
10613713,48.80123295,2.13174787,130.991,155.582,1.218,-2.799
10653101,48.80123122,2.13174907,130.996,155.572,1.225,-2.82
10693152,48.80122944,2.13175024,130.999,155.562,1.253,-2.848
10733032,48.8012277,2.13175144,131.004,155.553,1.279,-2.875
10773029,48.80122595,2.13175263,131.01,155.548,1.331,-2.885
10813584,48.80122419,2.13175384,131.015,155.54,1.388,-2.901
10853096,48.80122243,2.13175505,131.02,155.531,1.411,-2.929
10893128,48.80122066,2.13175626,131.024,155.526,1.397,-2.961
10933021,48.80121889,2.13175748,131.029,155.524,1.343,-2.956
10973034,48.80121711,2.13175871,131.034,155.522,1.277,-2.942
11013594,48.80121533,2.13175995,131.039,155.518,1.216,-2.904
11053074,48.80121354,2.13176119,131.045,155.514,1.126,-2.875
11093126,48.80121175,2.13176244,131.051,155.504,1.031,-2.854
11133107,48.80121,2.1317636,131.058,155.488,0.97,-2.813
11173035,48.80120819,2.13176486,131.065,155.465,0.969,-2.767
11213597,48.80120638,2.13176611,131.072,155.444,1.011,-2.695
11253107,48.80120456,2.13176737,131.079,155.41,1.047,-2.644
11293098,48.80120274,2.13176863,131.085,155.386,1.074,-2.615
11333035,48.8012009,2.1317699,131.091,155.371,1.104,-2.61
11373037,48.80119906,2.13177118,131.096,155.35,1.11,-2.629
11413665,48.80119721,2.13177246,131.1,155.326,1.064,-2.673
11453062,48.80119536,2.13177376,131.105,155.304,1.016,-2.73
11493052,48.8011935,2.13177506,131.109,155.272,0.986,-2.782
11533019,48.80119164,2.13177637,131.114,155.235,0.981,-2.838
11573117,48.8011898,2.13177754,131.112,155.205,0.981,-2.894
11613602,48.80118792,2.13177886,131.117,155.171,0.981,-2.94
11653095,48.80118604,2.13178017,131.122,155.14,0.964,-3
11693140,48.80118415,2.1317815,131.126,155.112,0.935,-3.042
11733024,48.80118226,2.13178283,131.131,155.082,0.913,-3.097
11773078,48.80118036,2.13178416,131.136,155.046,0.854,-3.115
11813601,48.80117847,2.13178549,131.142,155.001,0.736,-3.085
11853099,48.80117658,2.13178682,131.149,154.959,0.638,-3.042
11893091,48.80117469,2.13178816,131.156,154.925,0.572,-2.943
11933037,48.8011728,2.13178951,131.163,154.889,0.553,-2.875
11973022,48.80117091,2.13179086,131.17,154.867,0.572,-2.749
12013635,48.80116916,2.13179206,131.165,154.843,0.603,-2.618
12053049,48.80116727,2.13179339,131.172,154.822,0.626,-2.503
12093049,48.80116538,2.13179472,131.179,154.804,0.661,-2.411
12133048,48.80116349,2.13179606,131.186,154.807,0.656,-2.342
12173027,48.8011616,2.1317974,131.193,154.807,0.639,-2.302
12213599,48.80115972,2.13179875,131.2,154.814,0.634,-2.252
12253045,48.80115783,2.1318001,131.206,154.837,0.591,-2.24
12293071,48.80115595,2.13180145,131.211,154.858,0.527,-2.292
12333011,48.80115406,2.1318028,131.215,154.895,0.473,-2.289
12373025,48.80115217,2.13180415,131.219,154.932,0.432,-2.339
12413625,48.80115028,2.1318055,131.222,154.97,0.415,-2.388
12453076,48.80114839,2.13180684,131.223,154.998,0.402,-2.434
12493067,48.80114645,2.13180815,131.236,155.016,0.376,-2.486
12533023,48.80114456,2.13180948,131.239,155.043,0.371,-2.495
12573040,48.80114267,2.13181081,131.242,155.067,0.365,-2.51
12653044,48.80113888,2.13181347,131.252,155.125,0.386,-2.505
12693058,48.80113698,2.1318148,131.257,155.151,0.391,-2.477
12733012,48.80113509,2.13181613,131.263,155.188,0.407,-2.459
12773071,48.80113319,2.13181745,131.269,155.238,0.451,-2.446
12813560,48.80113129,2.13181877,131.275,155.287,0.482,-2.448
12853133,48.80112939,2.13182009,131.279,155.336,0.478,-2.469
12893100,48.80112749,2.13182141,131.284,155.389,0.484,-2.504
12933032,48.80112556,2.1318227,131.29,155.438,0.484,-2.529
12973011,48.80112365,2.13182402,131.294,155.479,0.463,-2.565
13013587,48.80112174,2.13182534,131.298,155.525,0.44,-2.577
13053081,48.80111982,2.13182666,131.302,155.57,0.389,-2.605
13093045,48.80111791,2.13182799,131.307,155.619,0.354,-2.621
13133041,48.80111598,2.13182931,131.311,155.664,0.338,-2.641
13173020,48.80111406,2.13183063,131.316,155.709,0.33,-2.655
13213560,48.80111213,2.13183195,131.322,155.748,0.339,-2.644
13253067,48.8011102,2.13183326,131.327,155.777,0.347,-2.644
13293067,48.80110826,2.13183457,131.333,155.811,0.365,-2.629
13333024,48.80110632,2.13183589,131.339,155.844,0.391,-2.64
13373011,48.80110438,2.13183722,131.346,155.875,0.396,-2.632
13413545,48.80110243,2.13183854,131.351,155.91,0.398,-2.638
13453071,48.80110048,2.13183986,131.356,155.947,0.409,-2.658
13493031,48.80109852,2.13184119,131.361,155.977,0.396,-2.658
13533006,48.80109656,2.13184251,131.367,156.008,0.379,-2.649
13573026,48.8010946,2.13184383,131.372,156.037,0.378,-2.636
13613619,48.80109263,2.13184516,131.378,156.059,0.374,-2.637
13653021,48.80109065,2.13184648,131.383,156.086,0.379,-2.632
13693123,48.80108867,2.13184781,131.389,156.11,0.4,-2.641
13733010,48.80108669,2.13184913,131.394,156.137,0.419,-2.632
13773036,48.80108471,2.13185046,131.4,156.167,0.453,-2.649
13813575,48.80108271,2.1318518,131.408,156.197,0.466,-2.638
13853040,48.80108072,2.13185313,131.413,156.223,0.463,-2.637
13893049,48.80107872,2.13185446,131.419,156.252,0.473,-2.606
13933003,48.80107672,2.13185579,131.425,156.277,0.471,-2.572
13973007,48.80107472,2.13185712,131.431,156.294,0.457,-2.543
14013592,48.80107271,2.13185845,131.436,156.318,0.448,-2.513
14053050,48.8010707,2.13185979,131.442,156.339,0.438,-2.473
14093056,48.80106869,2.13186112,131.448,156.361,0.431,-2.439
14133017,48.80106668,2.13186246,131.453,156.388,0.434,-2.419
14173001,48.80106466,2.13186379,131.459,156.406,0.438,-2.402
14213548,48.80106264,2.13186512,131.465,156.423,0.451,-2.38
14253054,48.80106062,2.13186645,131.47,156.436,0.484,-2.37
14293053,48.80105858,2.13186782,131.481,156.444,0.519,-2.384
14333059,48.80105655,2.13186915,131.486,156.457,0.542,-2.392
14373005,48.80105453,2.13187048,131.49,156.469,0.55,-2.427
14413571,48.80105251,2.13187181,131.495,156.485,0.555,-2.444
14453009,48.80105049,2.13187315,131.499,156.5,0.562,-2.47
14493016,48.80104846,2.13187448,131.503,156.509,0.547,-2.493
14532988,48.80104644,2.13187582,131.507,156.513,0.556,-2.532
14573024,48.80104441,2.13187715,131.512,156.497,0.56,-2.559
14613605,48.80104238,2.13187848,131.517,156.483,0.565,-2.592
14653032,48.80104036,2.13187981,131.522,156.466,0.555,-2.602
14693020,48.80103833,2.13188114,131.528,156.438,0.536,-2.586
14732985,48.80103655,2.13188204,131.525,156.425,0.553,-2.573
14773001,48.80103453,2.13188337,131.531,156.409,0.559,-2.555
14813564,48.80103251,2.1318847,131.536,156.388,0.542,-2.568
14853049,48.80103048,2.13188603,131.541,156.376,0.532,-2.562
14893098,48.80102846,2.13188737,131.547,156.36,0.514,-2.568
14933003,48.80102644,2.1318887,131.552,156.339,0.499,-2.577
14973061,48.80102441,2.13189004,131.558,156.315,0.494,-2.555
15013567,48.80102239,2.13189137,131.564,156.298,0.509,-2.531
15053006,48.80102037,2.13189271,131.57,156.274,0.492,-2.496
15093091,48.80101834,2.13189405,131.576,156.26,0.457,-2.486
15133037,48.80101631,2.1318954,131.58,156.249,0.44,-2.498
15173010,48.80101438,2.13189661,131.583,156.233,0.422,-2.487
15213543,48.80101235,2.13189796,131.588,156.222,0.405,-2.474
15253023,48.80101032,2.13189931,131.594,156.201,0.402,-2.479
15293023,48.80100829,2.13190065,131.599,156.174,0.381,-2.46
15333005,48.80100626,2.131902,131.605,156.152,0.378,-2.47
15372988,48.80100423,2.13190335,131.61,156.14,0.383,-2.453
15413577,48.80100219,2.13190471,131.616,156.129,0.378,-2.461
15452996,48.80100016,2.13190607,131.621,156.113,0.36,-2.484
15493058,48.80099812,2.13190743,131.625,156.104,0.319,-2.505
15532999,48.80099608,2.13190879,131.63,156.089,0.275,-2.537
15573014,48.80099404,2.13191016,131.635,156.07,0.25,-2.554
15613601,48.8009921,2.13191136,131.632,156.044,0.211,-2.575
15653055,48.80099007,2.13191272,131.637,156.022,0.202,-2.595
15693104,48.80098803,2.13191408,131.642,155.998,0.209,-2.565
15733004,48.80098599,2.13191545,131.647,155.98,0.246,-2.568
15773002,48.80098396,2.13191682,131.653,155.98,0.328,-2.533
15813603,48.80098192,2.13191818,131.658,155.966,0.391,-2.532
15853042,48.80097988,2.13191954,131.663,155.951,0.439,-2.506
15893056,48.80097784,2.1319209,131.669,155.953,0.505,-2.464
15932997,48.80097581,2.13192227,131.674,155.945,0.539,-2.442
15973002,48.80097377,2.13192363,131.68,155.93,0.53,-2.415
16013569,48.80097173,2.131925,131.686,155.924,0.485,-2.407
16053046,48.8009697,2.13192637,131.692,155.917,0.413,-2.423
16093054,48.80096769,2.13192771,131.694,155.91,0.347,-2.438
16133019,48.80096566,2.13192909,131.699,155.89,0.291,-2.496
16173025,48.80096363,2.13193046,131.703,155.878,0.281,-2.529
16213595,48.80096159,2.13193183,131.708,155.854,0.271,-2.552
16253048,48.80095956,2.1319332,131.712,155.829,0.298,-2.588
16293005,48.80095752,2.13193456,131.716,155.824,0.352,-2.608
16332981,48.80095549,2.13193593,131.72,155.802,0.386,-2.656
16372976,48.80095345,2.13193729,131.725,155.792,0.417,-2.661
16413532,48.80095142,2.13193866,131.73,155.797,0.451,-2.678
16453022,48.8009494,2.13194003,131.735,155.794,0.446,-2.664
16493006,48.80094737,2.13194139,131.742,155.797,0.431,-2.624
16532980,48.80094529,2.13194283,131.748,155.796,0.396,-2.572
16573005,48.80094327,2.13194421,131.754,155.79,0.352,-2.532
16613558,48.80094125,2.13194558,131.76,155.783,0.308,-2.518
16652979,48.80093923,2.13194695,131.766,155.766,0.256,-2.519
16693063,48.80093722,2.13194832,131.771,155.76,0.221,-2.506
16732975,48.8009352,2.13194969,131.777,155.757,0.187,-2.518
16772974,48.80093319,2.13195105,131.783,155.755,0.165,-2.493
16813591,48.80093118,2.13195242,131.789,155.757,0.171,-2.48
16853072,48.80092918,2.13195378,131.794,155.755,0.18,-2.457
16893076,48.80092717,2.13195514,131.8,155.748,0.198,-2.43
16932966,48.80092516,2.13195649,131.805,155.746,0.209,-2.42
16972965,48.80092304,2.13195803,131.81,155.746,0.217,-2.407
17013612,48.80092103,2.13195939,131.815,155.746,0.2,-2.402
17053031,48.80091904,2.13196075,131.82,155.751,0.182,-2.398
17093017,48.80091704,2.1319621,131.826,155.761,0.167,-2.389
17133003,48.80091505,2.13196346,131.831,155.766,0.143,-2.375
17173022,48.80091306,2.13196481,131.837,155.766,0.118,-2.36
17213590,48.80091107,2.13196616,131.842,155.766,0.101,-2.345
17252983,48.80090909,2.13196751,131.847,155.761,0.102,-2.34
17293021,48.8009071,2.13196886,131.851,155.757,0.108,-2.348
17332964,48.80090512,2.1319702,131.856,155.753,0.1,-2.356
17372974,48.80090314,2.13197154,131.86,155.757,0.112,-2.348
17413519,48.80090108,2.13197304,131.863,155.767,0.136,-2.353
17453035,48.80089911,2.13197438,131.868,155.775,0.141,-2.34
17492991,48.80089714,2.13197571,131.873,155.776,0.118,-2.338
17532978,48.80089517,2.13197705,131.878,155.782,0.114,-2.337
17572992,48.80089321,2.13197838,131.883,155.782,0.111,-2.309
17613517,48.80089124,2.13197972,131.887,155.775,0.093,-2.302
17652989,48.80088928,2.13198105,131.892,155.772,0.079,-2.263
17693063,48.80088733,2.13198238,131.897,155.787,0.085,-2.213
17732970,48.80088538,2.13198371,131.901,155.781,0.057,-2.249
17772973,48.80088343,2.13198503,131.905,155.791,0.071,-2.258
17813526,48.80088148,2.13198635,131.91,155.796,0.065,-2.302
17853001,48.80087954,2.13198767,131.915,155.791,0.07,-2.339
17893017,48.80087733,2.1319893,131.913,155.794,0.073,-2.325
17932957,48.8008754,2.13199062,131.918,155.789,0.073,-2.339
17972974,48.80087346,2.13199193,131.922,155.789,0.075,-2.342
18013564,48.80087152,2.13199325,131.926,155.791,0.064,-2.349
18053002,48.80086959,2.13199456,131.929,155.792,0.05,-2.378
18093048,48.80086766,2.13199588,131.933,155.8,0.052,-2.42
18132985,48.80086574,2.13199719,131.935,155.796,0.019,-2.453
18172964,48.80086382,2.13199849,131.94,155.796,0.013,-2.495
18213514,48.8008619,2.1319998,131.944,155.794,-0.011,-2.451
18253021,48.80085999,2.1320011,131.951,155.785,0.003,-2.438
18293054,48.80085808,2.13200239,131.956,155.779,-0.017,-2.406
18332958,48.80085603,2.13200379,131.96,155.77,-0.026,-2.404
18373019,48.80085413,2.13200508,131.965,155.776,-0.041,-2.43
18413513,48.80085223,2.13200638,131.969,155.778,-0.045,-2.432
18453002,48.80085033,2.13200767,131.974,155.778,-0.059,-2.444
18492996,48.80084844,2.13200896,131.978,155.783,-0.087,-2.447
18532955,48.80084655,2.13201024,131.983,155.779,-0.104,-2.442
18572990,48.80084467,2.13201153,131.988,155.777,-0.125,-2.442
18613540,48.80084279,2.13201281,131.993,155.775,-0.136,-2.457
18652963,48.80084091,2.13201408,131.998,155.782,-0.164,-2.468
18693010,48.80083904,2.13201536,132.003,155.791,-0.195,-2.484
18732963,48.80083718,2.13201663,132.008,155.802,-0.224,-2.468
18772962,48.80083524,2.13201795,132.011,155.819,-0.242,-2.473
18813557,48.80083339,2.13201921,132.016,155.835,-0.251,-2.47
18853026,48.80083155,2.13202046,132.021,155.848,-0.276,-2.468
18893005,48.80082971,2.13202171,132.027,155.851,-0.302,-2.47
18932958,48.80082789,2.13202294,132.031,155.856,-0.317,-2.469
18972978,48.80082607,2.13202418,132.036,155.865,-0.326,-2.486
19013501,48.80082425,2.13202541,132.041,155.873,-0.342,-2.476
19052988,48.80082245,2.13202663,132.046,155.878,-0.345,-2.476
19093062,48.80082065,2.13202785,132.051,155.893,-0.34,-2.435
19132951,48.80081887,2.13202906,132.057,155.906,-0.343,-2.411
19172982,48.80081709,2.13203027,132.062,155.92,-0.351,-2.388
19213528,48.80081518,2.13203157,132.07,155.938,-0.365,-2.361
19252995,48.80081341,2.13203277,132.075,155.948,-0.395,-2.353
19293010,48.80081166,2.13203396,132.08,155.958,-0.415,-2.309
19332943,48.8008099,2.13203514,132.084,155.964,-0.439,-2.294
19373020,48.80080815,2.13203633,132.089,155.968,-0.461,-2.299
19413573,48.80080641,2.13203751,132.093,155.975,-0.484,-2.288
19453035,48.80080467,2.13203868,132.098,155.985,-0.509,-2.274
19492977,48.80080293,2.13203986,132.102,155.996,-0.529,-2.253
19532999,48.80080121,2.13204103,132.107,156.014,-0.523,-2.24
19572946,48.80079948,2.13204219,132.111,156.025,-0.512,-2.217
19613553,48.80079776,2.13204335,132.115,156.031,-0.513,-2.208
19652941,48.80079604,2.1320445,132.12,156.041,-0.503,-2.217
19692972,48.80079421,2.13204573,132.126,156.044,-0.496,-2.21
19732949,48.8007925,2.13204687,132.13,156.047,-0.506,-2.233
19772950,48.80079079,2.13204802,132.133,156.055,-0.518,-2.253
19813530,48.80078909,2.13204917,132.136,156.067,-0.536,-2.262
19853021,48.80078739,2.13205032,132.14,156.078,-0.566,-2.27
19892992,48.8007857,2.13205146,132.144,156.089,-0.585,-2.257
19932939,48.80078401,2.1320526,132.148,156.104,-0.588,-2.254
19972968,48.80078233,2.13205373,132.151,156.11,-0.599,-2.252
20013550,48.80078065,2.13205486,132.155,156.115,-0.6,-2.261
20052946,48.80077897,2.13205598,132.158,156.128,-0.603,-2.276
20093057,48.8007773,2.1320571,132.162,156.132,-0.6,-2.276
20132941,48.80077556,2.13205829,132.165,156.137,-0.594,-2.283
20172950,48.80077389,2.13205941,132.169,156.143,-0.593,-2.282
20213492,48.80077223,2.13206052,132.173,156.152,-0.586,-2.28
20253034,48.80077057,2.13206163,132.177,156.161,-0.592,-2.273
20293008,48.80076892,2.13206275,132.181,156.173,-0.601,-2.271
20332945,48.80076727,2.13206385,132.184,156.186,-0.617,-2.273
20373013,48.80076562,2.13206496,132.188,156.192,-0.63,-2.279
20413577,48.80076397,2.13206606,132.192,156.201,-0.642,-2.289
20453018,48.80076233,2.13206716,132.195,156.21,-0.645,-2.288
20492989,48.8007607,2.13206826,132.199,156.208,-0.648,-2.286
20532963,48.80075906,2.13206935,132.203,156.212,-0.638,-2.289
20572972,48.8007574,2.13207046,132.203,156.212,-0.636,-2.302
20613559,48.80075577,2.13207155,132.207,156.216,-0.632,-2.313
20652965,48.80075413,2.13207264,132.21,156.227,-0.643,-2.315
20692971,48.8007525,2.13207374,132.214,156.235,-0.647,-2.316
20732932,48.80075087,2.13207483,132.217,156.246,-0.635,-2.306
20772938,48.80074925,2.13207592,132.221,156.249,-0.63,-2.305
20813543,48.80074763,2.132077,132.225,156.244,-0.63,-2.296
20853020,48.80074601,2.13207807,132.229,156.242,-0.634,-2.288
20892983,48.8007444,2.13207915,132.233,156.235,-0.621,-2.273
20932950,48.80074278,2.13208023,132.237,156.233,-0.605,-2.269
20972941,48.80074117,2.13208131,132.24,156.233,-0.596,-2.283
21013532,48.80073975,2.13208222,132.233,156.227,-0.608,-2.293
21053002,48.80073814,2.13208329,132.237,156.225,-0.605,-2.329
21093038,48.80073653,2.13208437,132.24,156.233,-0.575,-2.342
21132959,48.80073493,2.13208544,132.244,156.233,-0.553,-2.376
21172939,48.80073333,2.13208651,132.247,156.233,-0.532,-2.404
21213552,48.80073173,2.13208757,132.251,156.236,-0.514,-2.435
21252957,48.80073013,2.13208864,132.254,156.237,-0.5,-2.48
21292955,48.80072853,2.1320897,132.257,156.238,-0.478,-2.501
21332945,48.80072693,2.13209077,132.261,156.236,-0.456,-2.536
21373013,48.80072533,2.13209184,132.264,156.233,-0.448,-2.554
21413527,48.80072374,2.1320929,132.267,156.225,-0.44,-2.564
21452996,48.80072214,2.13209397,132.271,156.228,-0.407,-2.574
21492973,48.80072065,2.13209488,132.273,156.233,-0.389,-2.578
21532945,48.80071906,2.13209594,132.277,156.231,-0.392,-2.61
21573033,48.80071747,2.132097,132.28,156.233,-0.381,-2.618
21613468,48.80071588,2.13209806,132.284,156.24,-0.363,-2.625
21652991,48.80071429,2.13209912,132.288,156.24,-0.331,-2.613
21692990,48.8007127,2.13210018,132.293,156.235,-0.307,-2.577
21733022,48.8007111,2.13210124,132.298,156.225,-0.271,-2.534
21772930,48.80070951,2.1321023,132.303,156.222,-0.228,-2.471
21813521,48.80070792,2.13210335,132.308,156.215,-0.19,-2.44
21852952,48.80070633,2.13210441,132.313,156.21,-0.153,-2.402
21892953,48.80070474,2.13210547,132.317,156.203,-0.128,-2.398
21932964,48.80070326,2.13210643,132.325,156.203,-0.096,-2.398
21972926,48.80070166,2.1321075,132.329,156.2,-0.067,-2.391
22013562,48.80070007,2.13210856,132.333,156.186,-0.036,-2.371
22052993,48.80069847,2.13210963,132.337,156.183,0,-2.325
22092972,48.80069687,2.13211069,132.342,156.173,0.041,-2.328
22132962,48.80069527,2.13211176,132.346,156.167,0.07,-2.286
22172928,48.80069367,2.13211283,132.35,156.156,0.095,-2.285
22213537,48.80069206,2.1321139,132.353,156.147,0.125,-2.29
22252927,48.80069045,2.13211497,132.356,156.139,0.158,-2.276
22292944,48.80068884,2.13211605,132.359,156.13,0.181,-2.292
22332934,48.80068723,2.13211712,132.363,156.125,0.195,-2.266
22372954,48.80068557,2.13211806,132.38,156.119,0.217,-2.269
22413467,48.80068395,2.13211914,132.383,156.114,0.239,-2.256
22452971,48.80068234,2.13212021,132.387,156.11,0.279,-2.236
22493018,48.80068072,2.13212129,132.39,156.102,0.34,-2.245
22532937,48.8006791,2.13212237,132.394,156.093,0.383,-2.236
22572959,48.80067748,2.13212345,132.397,156.078,0.413,-2.245
22613463,48.80067585,2.13212453,132.4,156.067,0.453,-2.208
22652993,48.80067423,2.13212561,132.404,156.056,0.49,-2.18
22692961,48.80067261,2.13212669,132.408,156.049,0.519,-2.14
22732935,48.80067098,2.13212778,132.411,156.041,0.533,-2.098
22772924,48.80066936,2.13212887,132.414,156.035,0.556,-2.094
22813540,48.80066773,2.13212988,132.423,156.034,0.582,-2.073
22852999,48.8006661,2.13213097,132.426,156.024,0.585,-2.094
22892948,48.80066447,2.13213206,132.429,156.013,0.596,-2.092
22932949,48.80066284,2.13213315,132.432,156.005,0.621,-2.085
22972911,48.80066121,2.13213424,132.435,155.99,0.652,-2.082
23013505,48.80065958,2.13213533,132.439,155.977,0.696,-2.072
23052932,48.80065795,2.13213642,132.442,155.966,0.735,-2.059
23092948,48.80065632,2.13213751,132.445,155.953,0.753,-2.063
23132952,48.80065468,2.1321386,132.448,155.947,0.757,-2.084
23172920,48.80065305,2.1321397,132.45,155.944,0.773,-2.098
23213525,48.80065142,2.1321408,132.452,155.939,0.785,-2.132
23252924,48.80064978,2.1321419,132.454,155.93,0.79,-2.157
23292928,48.80064814,2.13214296,132.461,155.921,0.792,-2.18
23332925,48.80064651,2.13214405,132.464,155.906,0.797,-2.181
23372941,48.80064487,2.13214515,132.467,155.891,0.81,-2.161
23413498,48.80064324,2.13214624,132.471,155.875,0.831,-2.161
23452991,48.80064161,2.13214734,132.474,155.863,0.88,-2.148
23492984,48.80063998,2.13214844,132.477,155.848,0.914,-2.157
23532916,48.80063835,2.13214953,132.48,155.833,0.931,-2.155
23572961,48.80063672,2.13215063,132.483,155.824,0.964,-2.153
23613458,48.8006351,2.13215172,132.486,155.815,0.994,-2.167
23652973,48.80063347,2.13215282,132.49,155.802,1.023,-2.17
23692971,48.80063185,2.13215391,132.493,155.787,1.029,-2.177
23732918,48.80063023,2.13215501,132.492,155.77,1.024,-2.188
23772940,48.80062861,2.1321561,132.496,155.751,1.031,-2.177
23813514,48.80062699,2.1321572,132.499,155.731,1.038,-2.184
23852932,48.80062537,2.1321583,132.502,155.709,1.034,-2.182
23892947,48.80062376,2.13215939,132.505,155.685,1.025,-2.197
23932950,48.80062215,2.13216049,132.508,155.666,1.024,-2.229
23972916,48.80062053,2.13216159,132.511,155.646,1.042,-2.231
24013511,48.80061892,2.13216268,132.514,155.619,1.065,-2.242
24052984,48.80061732,2.13216378,132.517,155.591,1.077,-2.263
24092942,48.80061571,2.13216487,132.52,155.565,1.097,-2.286
24132941,48.8006141,2.13216596,132.523,155.535,1.119,-2.301
24172971,48.80061269,2.13216695,132.52,155.498,1.128,-2.315
24213522,48.80061109,2.13216804,132.524,155.464,1.138,-2.306
24252920,48.8006095,2.13216913,132.527,155.429,1.138,-2.316
24292958,48.8006079,2.13217022,132.53,155.393,1.146,-2.338
24332911,48.80060631,2.13217132,132.534,155.363,1.149,-2.343
24372930,48.80060472,2.13217241,132.537,155.332,1.138,-2.365
24413501,48.80060314,2.13217351,132.541,155.302,1.128,-2.365
24452901,48.80060156,2.1321746,132.544,155.274,1.113,-2.365
24492960,48.80059998,2.1321757,132.548,155.24,1.104,-2.365
24532914,48.8005984,2.1321768,132.551,155.199,1.09,-2.364
24572981,48.80059682,2.13217789,132.555,155.152,1.064,-2.376
24613452,48.80059529,2.13217926,132.565,155.105,1.049,-2.36
24652966,48.80059372,2.13218036,132.569,155.054,1.055,-2.355
24693014,48.80059215,2.13218147,132.573,155.004,1.07,-2.356
24732914,48.80059058,2.13218257,132.577,154.951,1.06,-2.353
24772896,48.80058902,2.13218367,132.581,154.899,1.032,-2.356
24813449,48.80058746,2.13218477,132.585,154.852,1.024,-2.34
24852984,48.8005859,2.13218588,132.589,154.807,1.024,-2.334
24892935,48.80058434,2.13218699,132.593,154.755,1.009,-2.315
24932905,48.80058278,2.1321881,132.597,154.701,0.988,-2.311
24972965,48.80058122,2.13218921,132.6,154.652,0.976,-2.312
25013475,48.80057967,2.13219032,132.604,154.6,0.97,-2.292
25052910,48.80057812,2.13219143,132.608,154.548,0.956,-2.297
25092931,48.80057662,2.13219255,132.609,154.498,0.947,-2.286
25132938,48.80057507,2.13219367,132.613,154.447,0.926,-2.283
25172917,48.80057352,2.13219479,132.616,154.4,0.912,-2.311
25213467,48.80057197,2.13219591,132.619,154.354,0.902,-2.304
25252938,48.80057042,2.13219704,132.623,154.304,0.889,-2.303
25292916,48.80056887,2.13219817,132.627,154.259,0.873,-2.288
25332904,48.80056732,2.1321993,132.63,154.207,0.863,-2.292
25372980,48.80056578,2.13220042,132.634,154.158,0.851,-2.289
25413458,48.80056423,2.13220156,132.637,154.111,0.835,-2.299
25452908,48.80056268,2.13220269,132.641,154.059,0.811,-2.309
25492925,48.80056114,2.13220383,132.644,154.005,0.794,-2.304
25532907,48.80055959,2.13220497,132.637,153.951,0.782,-2.321
25572971,48.80055803,2.13220612,132.64,153.897,0.766,-2.326
25613512,48.80055648,2.13220726,132.644,153.84,0.736,-2.328
25652905,48.80055493,2.13220842,132.647,153.79,0.722,-2.33
25692999,48.80055338,2.13220957,132.651,153.737,0.718,-2.312
25732894,48.80055183,2.13221073,132.654,153.679,0.72,-2.334
25772927,48.80055028,2.13221189,132.657,153.626,0.713,-2.328
25813472,48.80054872,2.13221305,132.66,153.568,0.7,-2.361
25852981,48.80054717,2.13221422,132.664,153.511,0.694,-2.375
25892997,48.80054561,2.1322154,132.667,153.454,0.696,-2.367
25932905,48.80054405,2.13221657,132.671,153.397,0.69,-2.375
25973085,48.80054241,2.13221757,132.679,153.335,0.676,-2.342
26013477,48.80054084,2.13221875,132.683,153.278,0.659,-2.361
26052939,48.80053928,2.13221994,132.686,153.229,0.628,-2.362
26092919,48.80053771,2.13222113,132.689,153.178,0.615,-2.371
26132999,48.80053614,2.13222233,132.692,153.124,0.592,-2.384
26172886,48.80053457,2.13222354,132.696,153.072,0.581,-2.396
26213474,48.800533,2.13222474,132.699,153.016,0.547,-2.394
26252901,48.80053142,2.13222595,132.703,152.953,0.512,-2.394
26292921,48.80052984,2.13222716,132.707,152.893,0.5,-2.378
26332921,48.80052826,2.13222838,132.711,152.835,0.497,-2.379
26372882,48.80052668,2.13222961,132.714,152.771,0.496,-2.388
26413458,48.80052509,2.13223084,132.715,152.712,0.497,-2.406
26452910,48.8005235,2.13223207,132.719,152.66,0.497,-2.414
26492926,48.80052191,2.13223331,132.722,152.611,0.49,-2.419
26532893,48.80052032,2.13223455,132.726,152.563,0.484,-2.421
26572912,48.80051872,2.1322358,132.729,152.509,0.467,-2.414
26613447,48.80051713,2.13223706,132.733,152.458,0.466,-2.423
26652903,48.80051553,2.13223831,132.736,152.397,0.444,-2.428
26692961,48.80051392,2.13223957,132.74,152.334,0.425,-2.45
26732885,48.80051232,2.13224084,132.744,152.279,0.409,-2.442
26772880,48.80051071,2.13224211,132.747,152.219,0.384,-2.46
26813472,48.80050911,2.13224339,132.751,152.156,0.343,-2.461
26852985,48.8005075,2.13224467,132.755,152.11,0.322,-2.457
26892908,48.8005059,2.13224595,132.752,152.062,0.304,-2.437
26932887,48.80050429,2.13224724,132.756,152.005,0.292,-2.42
26972927,48.80050268,2.13224853,132.76,151.955,0.282,-2.421
27013523,48.80050107,2.13224983,132.763,151.908,0.261,-2.42
27052909,48.80049945,2.13225112,132.767,151.86,0.242,-2.435
27092895,48.80049784,2.13225242,132.771,151.809,0.228,-2.432
27132949,48.80049622,2.13225373,132.775,151.763,0.236,-2.435
27172935,48.80049461,2.13225504,132.779,151.716,0.233,-2.421
27213444,48.80049299,2.13225634,132.783,151.664,0.202,-2.42
27252881,48.80049138,2.13225766,132.787,151.622,0.171,-2.408
27292891,48.80048976,2.13225898,132.791,151.59,0.171,-2.381
27332961,48.80048814,2.1322603,132.797,151.557,0.167,-2.378
27372880,48.80048652,2.13226163,132.801,151.517,0.161,-2.371
27413460,48.8004849,2.13226295,132.804,151.477,0.141,-2.37
27452922,48.80048328,2.13226428,132.808,151.442,0.144,-2.387
27492878,48.80048165,2.13226561,132.812,151.399,0.149,-2.366
27532886,48.80048003,2.13226695,132.816,151.357,0.15,-2.367
27572903,48.80047841,2.13226828,132.82,151.322,0.144,-2.361
27613477,48.80047678,2.13226962,132.823,151.282,0.133,-2.367
27652875,48.80047515,2.13227097,132.827,151.248,0.118,-2.367
27692905,48.80047353,2.13227232,132.831,151.22,0.123,-2.371
27732884,48.8004719,2.13227367,132.835,151.189,0.125,-2.379
27772880,48.80047027,2.13227502,132.838,151.156,0.115,-2.397
27813421,48.80046864,2.13227637,132.841,151.123,0.103,-2.425
27852935,48.80046701,2.13227773,132.844,151.094,0.112,-2.455
27892962,48.80046538,2.13227909,132.848,151.055,0.111,-2.479
27932881,48.80046375,2.13228045,132.852,151.017,0.105,-2.488
27972886,48.80046212,2.13228181,132.855,150.981,0.102,-2.496
28013490,48.80046048,2.13228317,132.859,150.953,0.104,-2.483
28052920,48.80045885,2.13228454,132.863,150.925,0.098,-2.491
28092883,48.80045722,2.13228591,132.867,150.901,0.103,-2.498
28132931,48.80045558,2.13228729,132.871,150.875,0.096,-2.496
28172889,48.80045395,2.13228866,132.875,150.847,0.096,-2.501
28213481,48.80045231,2.13229004,132.877,150.819,0.09,-2.496
28252879,48.80045068,2.13229141,132.881,150.785,0.096,-2.51
28292880,48.80044904,2.13229279,132.886,150.748,0.088,-2.503
28332883,48.8004474,2.13229417,132.89,150.71,0.081,-2.505
28372911,48.80044576,2.13229556,132.895,150.677,0.084,-2.486
28413461,48.80044412,2.13229695,132.9,150.651,0.085,-2.473
28452881,48.80044249,2.13229834,132.904,150.623,0.085,-2.467
28492881,48.80044085,2.13229973,132.908,150.594,0.083,-2.475
28532905,48.80043921,2.13230112,132.912,150.569,0.088,-2.495
28572921,48.80043757,2.13230252,132.916,150.542,0.088,-2.493
28613477,48.80043593,2.13230392,132.919,150.507,0.082,-2.493
28652869,48.80043429,2.13230532,132.924,150.468,0.081,-2.491
28692898,48.80043264,2.13230672,132.93,150.438,0.09,-2.476
28732869,48.800431,2.13230812,132.934,150.395,0.097,-2.47
28772856,48.80042936,2.13230952,132.939,150.352,0.083,-2.434
28813466,48.80042772,2.13231093,132.944,150.32,0.065,-2.411
28852949,48.80042609,2.13231234,132.948,150.279,0.034,-2.398
28892906,48.80042445,2.13231376,132.953,150.238,0.013,-2.401
28932867,48.80042281,2.13231517,132.957,150.196,0.003,-2.415
28972929,48.80042117,2.13231659,132.961,150.147,-0.027,-2.421
29013492,48.80041954,2.132318,132.965,150.093,-0.044,-2.42
29052926,48.8004179,2.13231942,132.97,150.051,-0.025,-2.396
29092876,48.80041627,2.13232084,132.974,150,-0.035,-2.401
29132904,48.80041463,2.13232226,132.98,149.942,-0.07,-2.394
29172936,48.800413,2.13232368,132.984,149.904,-0.061,-2.401
29213432,48.80041137,2.13232511,132.988,149.862,-0.044,-2.392
29252923,48.80040975,2.13232654,132.992,149.819,-0.038,-2.398
29292872,48.80040812,2.13232797,132.995,149.783,-0.036,-2.41
29332874,48.80040649,2.1323294,132.999,149.743,-0.046,-2.419
29372853,48.80040486,2.13233083,133.003,149.701,-0.064,-2.411
29413463,48.80040324,2.13233226,133.008,149.66,-0.064,-2.403
29452876,48.80040162,2.13233369,133.012,149.615,-0.073,-2.366
29492873,48.80039999,2.13233513,133.017,149.563,-0.09,-2.347
29532917,48.80039837,2.13233656,133.021,149.516,-0.114,-2.322
29572911,48.80039675,2.13233801,133.023,149.475,-0.126,-2.333
29613444,48.80039513,2.13233945,133.027,149.438,-0.13,-2.313
29652901,48.80039352,2.1323409,133.031,149.404,-0.114,-2.301
29692906,48.8003919,2.13234234,133.035,149.367,-0.112,-2.315
29732864,48.80039029,2.13234378,133.039,149.322,-0.111,-2.299
29772865,48.80038867,2.13234522,133.043,149.281,-0.133,-2.302
29813388,48.80038706,2.13234666,133.047,149.234,-0.171,-2.281
29852884,48.80038545,2.13234811,133.051,149.182,-0.178,-2.23
29892946,48.80038384,2.13234956,133.055,149.132,-0.193,-2.266
29932866,48.80038223,2.13235101,133.058,149.083,-0.225,-2.24
29972890,48.80038063,2.13235246,133.062,149.038,-0.26,-2.256
30013511,48.80037902,2.13235391,133.051,148.994,-0.305,-2.266
30052911,48.80037742,2.13235537,133.054,148.951,-0.332,-2.275
30092869,48.80037583,2.13235682,133.057,148.912,-0.366,-2.292
30132892,48.80037423,2.13235828,133.061,148.864,-0.386,-2.286
30172917,48.80037263,2.13235973,133.064,148.814,-0.394,-2.279
30213451,48.80037104,2.13236118,133.068,148.761,-0.398,-2.269
30252930,48.80036945,2.13236263,133.072,148.71,-0.392,-2.236
30292855,48.80036787,2.13236408,133.075,148.664,-0.405,-2.24
30332913,48.80036629,2.13236553,133.078,148.624,-0.439,-2.231
30372910,48.80036471,2.13236698,133.081,148.595,-0.469,-2.253
30413436,48.80036314,2.13236844,133.085,148.556,-0.473,-2.22
30452901,48.80036157,2.1323699,133.088,148.522,-0.48,-2.198
30492865,48.80036001,2.13237134,133.081,148.487,-0.5,-2.209
30532903,48.80035844,2.13237279,133.084,148.442,-0.521,-2.177
30572886,48.80035688,2.13237423,133.088,148.399,-0.544,-2.17
30613460,48.80035533,2.13237568,133.092,148.365,-0.538,-2.136
30652844,48.80035378,2.13237712,133.095,148.324,-0.548,-2.105
30692882,48.80035224,2.13237856,133.099,148.276,-0.562,-2.092
30732906,48.80035071,2.13237999,133.103,148.244,-0.562,-2.044
30772839,48.80034919,2.13238141,133.106,148.212,-0.569,-2.036
30813449,48.80034768,2.13238283,133.11,148.175,-0.578,-2.013
30852873,48.80034617,2.13238425,133.112,148.145,-0.593,-2.003
30892876,48.80034467,2.13238566,133.114,148.106,-0.594,-2.036
30932847,48.80034207,2.13238774,133.116,148.067,-0.598,-2.024
30972841,48.80034057,2.13238914,133.119,148.024,-0.596,-2.042
31013412,48.80033909,2.13239054,133.122,147.988,-0.571,-2.012
31052852,48.8003376,2.13239194,133.125,147.94,-0.575,-2.018
31092869,48.80033613,2.13239332,133.127,147.895,-0.588,-2.018
31132874,48.80033467,2.13239471,133.13,147.858,-0.596,-2.01
31172869,48.80033321,2.13239609,133.133,147.811,-0.602,-2.024
31213390,48.80033177,2.13239747,133.136,147.772,-0.584,-1.994
31252901,48.80033033,2.13239884,133.138,147.725,-0.579,-2.009
31292844,48.8003289,2.1324002,133.141,147.672,-0.584,-2.006
31332914,48.80032747,2.13240155,133.143,147.621,-0.582,-2.026
31372889,48.80032557,2.13240321,133.138,147.57,-0.572,-2.032
31413394,48.80032416,2.13240456,133.14,147.513,-0.553,-2.024
31452887,48.80032275,2.13240592,133.143,147.451,-0.529,-2.044
31492847,48.80032134,2.13240726,133.145,147.385,-0.523,-2.04
31532893,48.80031994,2.13240861,133.147,147.311,-0.523,-2.085
31572892,48.80031854,2.13240996,133.149,147.253,-0.521,-2.075
31613397,48.80031715,2.13241131,133.152,147.199,-0.519,-2.069
31652858,48.80031576,2.13241267,133.155,147.151,-0.521,-2.051
31692866,48.80031437,2.13241402,133.157,147.106,-0.529,-2.033
31732847,48.80031299,2.13241537,133.159,147.06,-0.527,-2.039
31772824,48.80031161,2.13241672,133.162,147.009,-0.525,-2.026
31813433,48.80031024,2.13241812,133.156,146.96,-0.517,-2.022
31852923,48.80030887,2.13241946,133.159,146.916,-0.499,-2.013
31892856,48.80030751,2.1324208,133.161,146.876,-0.466,-1.994
31932836,48.80030614,2.13242214,133.163,146.828,-0.446,-1.989
31972830,48.80030478,2.13242348,133.165,146.789,-0.422,-2
32013401,48.80030342,2.13242482,133.167,146.759,-0.386,-1.995
32052837,48.80030207,2.13242615,133.169,146.723,-0.372,-1.988
32092908,48.80030072,2.13242749,133.172,146.701,-0.34,-1.959
32132864,48.80029937,2.13242883,133.174,146.679,-0.307,-1.952
32172897,48.80029802,2.13243017,133.175,146.661,-0.266,-1.977
32213377,48.80029667,2.13243151,133.177,146.651,-0.239,-1.982
32252903,48.80029532,2.13243284,133.178,146.641,-0.23,-1.986
32292838,48.80029395,2.13243418,133.18,146.632,-0.217,-1.951
32332843,48.80029261,2.13243552,133.182,146.625,-0.187,-1.927
32372887,48.80029127,2.13243685,133.185,146.617,-0.147,-1.913
32413429,48.80028993,2.13243818,133.187,146.6,-0.13,-1.88
32452883,48.80028859,2.1324395,133.189,146.586,-0.125,-1.904
32492836,48.80028725,2.13244083,133.19,146.575,-0.124,-1.914
32532896,48.80028592,2.13244216,133.191,146.57,-0.097,-1.94
32572879,48.80028458,2.1324435,133.193,146.569,-0.07,-1.951
32613376,48.80028323,2.13244484,133.194,146.563,-0.05,-1.962
32652845,48.80028189,2.13244617,133.196,146.561,-0.024,-1.965
32692829,48.80028055,2.1324475,133.197,146.559,0.002,-1.954
32732853,48.80027914,2.13244887,133.211,146.557,0.045,-1.933
32772853,48.8002778,2.1324502,133.213,146.55,0.096,-1.923
32813382,48.80027646,2.13245154,133.215,146.546,0.159,-1.928
32852900,48.80027511,2.13245287,133.216,146.535,0.187,-1.95
32892851,48.80027376,2.1324542,133.216,146.526,0.198,-1.984
32932854,48.80027241,2.13245555,133.218,146.526,0.231,-1.982
32972845,48.80027106,2.13245689,133.219,146.533,0.263,-1.973
33013412,48.80026971,2.13245824,133.222,146.535,0.287,-1.95
33052837,48.80026836,2.13245959,133.224,146.531,0.287,-1.918
33092851,48.80026701,2.13246093,133.225,146.522,0.284,-1.914
33132863,48.80026565,2.13246229,133.227,146.507,0.291,-1.9
33172880,48.80026426,2.13246364,133.249,146.487,0.309,-1.909
33213412,48.8002629,2.132465,133.251,146.458,0.343,-1.922
33252839,48.80026153,2.13246636,133.253,146.419,0.363,-1.907
33292816,48.80026017,2.13246772,133.255,146.382,0.383,-1.911
33332833,48.8002588,2.13246908,133.257,146.348,0.398,-1.882
33372849,48.80025743,2.13247045,133.259,146.314,0.418,-1.886
33413448,48.80025607,2.13247182,133.261,146.289,0.448,-1.886
33452865,48.8002547,2.1324732,133.262,146.266,0.464,-1.882
33492822,48.80025332,2.13247458,133.264,146.238,0.479,-1.901
33532827,48.80025194,2.13247597,133.265,146.212,0.507,-1.914
33572877,48.80025056,2.13247736,133.266,146.186,0.53,-1.927
33613431,48.80024923,2.13247868,133.286,146.16,0.519,-1.948
33652809,48.80024785,2.13248007,133.288,146.136,0.502,-1.948
33692840,48.80024647,2.13248147,133.29,146.119,0.507,-1.965
33732835,48.80024509,2.13248287,133.291,146.11,0.52,-1.973
33772817,48.8002437,2.13248427,133.293,146.1,0.532,-1.989
33813413,48.80024231,2.13248568,133.295,146.094,0.536,-2
33852869,48.80024092,2.13248708,133.297,146.091,0.551,-2.021
33892832,48.80023952,2.1324885,133.299,146.091,0.565,-2.036
33932833,48.80023812,2.13248991,133.301,146.086,0.585,-2.035
33972809,48.80023672,2.13249133,133.303,146.08,0.603,-2.045
34013434,48.80023532,2.13249274,133.305,146.074,0.618,-2.042
34052817,48.80023392,2.13249416,133.307,146.067,0.619,-2.05
34092807,48.80023251,2.13249559,133.323,146.055,0.634,-2.075
34132849,48.8002311,2.13249701,133.325,146.05,0.65,-2.071
34172808,48.80022969,2.13249844,133.328,146.04,0.657,-2.082
34213419,48.80022827,2.13249987,133.331,146.037,0.659,-2.065
34252819,48.80022686,2.13250131,133.334,146.035,0.661,-2.05
34292805,48.80022544,2.13250275,133.337,146.031,0.676,-2.055
34332825,48.80022402,2.13250419,133.339,146.029,0.7,-2.04
34372860,48.8002226,2.13250563,133.341,146.022,0.711,-2.059
34413357,48.80022118,2.13250707,133.343,146.016,0.733,-2.059
34452815,48.80021975,2.13250852,133.346,146.013,0.773,-2.064
34492813,48.80021832,2.13250997,133.349,146.007,0.803,-2.063
34532818,48.80021688,2.13251142,133.356,145.998,0.83,-2.058
34572889,48.80021545,2.13251288,133.359,145.975,0.844,-2.049
34613344,48.80021401,2.13251433,133.362,145.958,0.853,-2.049
34652866,48.80021258,2.13251579,133.364,145.94,0.869,-2.059
34692827,48.80021114,2.13251726,133.367,145.925,0.876,-2.055
34732832,48.8002097,2.13251873,133.369,145.914,0.884,-2.062
34772884,48.80020825,2.1325202,133.372,145.908,0.9,-2.044
34813383,48.80020681,2.13252168,133.375,145.899,0.915,-2.04
34852868,48.80020536,2.13252315,133.377,145.896,0.946,-2.039
34892826,48.80020391,2.13252463,133.38,145.889,0.968,-2.039
34932884,48.80020245,2.13252611,133.382,145.875,0.977,-2.049
34972811,48.800201,2.1325276,133.39,145.866,1.011,-2.039
35013420,48.80019954,2.13252908,133.393,145.856,1.064,-2.042
35052827,48.80019808,2.13253057,133.396,145.841,1.101,-2.027
35092806,48.80019661,2.13253206,133.398,145.829,1.121,-2.036
35132864,48.80019514,2.13253356,133.401,145.824,1.139,-2.035
35172854,48.80019368,2.13253506,133.404,145.821,1.164,-2.027
35213367,48.80019221,2.13253657,133.407,145.819,1.197,-2.033
35252817,48.80019074,2.13253808,133.409,145.812,1.225,-2.027
35292859,48.80018926,2.13253958,133.411,145.798,1.225,-2.055
35332816,48.80018778,2.1325411,133.414,145.791,1.24,-2.058
35372785,48.80018629,2.13254261,133.416,145.781,1.264,-2.067
35413406,48.80018481,2.13254414,133.417,145.766,1.302,-2.068
35452790,48.80018332,2.13254566,133.42,145.754,1.33,-2.049
35492788,48.80018182,2.13254718,133.422,145.742,1.345,-2.062
35532799,48.80018033,2.13254871,133.425,145.733,1.368,-2.067
35572867,48.80017883,2.13255025,133.427,145.725,1.389,-2.072
35613327,48.80017733,2.13255179,133.43,145.72,1.409,-2.075
35652787,48.80017583,2.13255333,133.433,145.714,1.419,-2.073
35692789,48.80017432,2.13255488,133.435,145.703,1.421,-2.082
35732808,48.80017281,2.13255642,133.438,145.694,1.427,-2.082
35772862,48.8001713,2.13255798,133.441,145.679,1.437,-2.092
35813377,48.80016979,2.13255953,133.444,145.664,1.46,-2.087
35852887,48.80016827,2.13256109,133.447,145.646,1.472,-2.092
35892805,48.80016675,2.13256265,133.452,145.631,1.488,-2.092
35932837,48.80016523,2.13256421,133.454,145.619,1.488,-2.088
35972851,48.80016371,2.13256578,133.457,145.609,1.494,-2.098
36013441,48.80016218,2.13256735,133.46,145.6,1.505,-2.107
36052855,48.80016066,2.13256893,133.463,145.588,1.516,-2.125
36092788,48.80015913,2.1325705,133.465,145.578,1.512,-2.125
36132893,48.8001576,2.13257208,133.468,145.563,1.49,-2.148
36172803,48.80015606,2.13257366,133.471,145.548,1.485,-2.154
36213399,48.80015453,2.13257524,133.474,145.534,1.498,-2.164
36252795,48.800153,2.13257683,133.477,145.514,1.498,-2.158
36292789,48.80015146,2.13257841,133.481,145.497,1.503,-2.148
36332801,48.80015054,2.13257949,133.484,145.48,1.496,-2.144
36372759,48.80014901,2.13258107,133.488,145.464,1.51,-2.125
36413404,48.80014748,2.13258266,133.491,145.45,1.519,-2.128
36452773,48.80014595,2.13258424,133.494,145.438,1.528,-2.138
36492824,48.80014442,2.13258583,133.497,145.42,1.523,-2.143
36532771,48.80014289,2.13258741,133.5,145.401,1.514,-2.147
36572867,48.80014136,2.132589,133.504,145.38,1.516,-2.131
36613376,48.80013984,2.13259059,133.507,145.358,1.512,-2.132
36652766,48.80013831,2.13259218,133.51,145.337,1.488,-2.121
36692809,48.80013678,2.13259377,133.514,145.313,1.467,-2.128
36732812,48.80013525,2.13259536,133.517,145.294,1.453,-2.113
36772804,48.80013399,2.13259675,133.526,145.281,1.456,-2.115
36813369,48.80013247,2.13259834,133.529,145.265,1.458,-2.138
36852811,48.80013095,2.13259994,133.532,145.248,1.453,-2.14
36892773,48.80012942,2.13260153,133.535,145.229,1.448,-2.161
36932800,48.8001279,2.13260312,133.538,145.212,1.444,-2.161
36972794,48.80012637,2.13260471,133.541,145.192,1.437,-2.164
37013377,48.80012485,2.13260631,133.545,145.166,1.431,-2.159
37052832,48.80012333,2.1326079,133.548,145.139,1.435,-2.144
37092763,48.80012181,2.1326095,133.552,145.12,1.437,-2.154
37132872,48.80012028,2.1326111,133.555,145.102,1.434,-2.152
37172753,48.80011876,2.1326127,133.558,145.088,1.424,-2.171
37213380,48.80011733,2.13261431,133.565,145.079,1.411,-2.186
37252774,48.80011581,2.13261592,133.568,145.069,1.411,-2.191
37292753,48.80011429,2.13261752,133.572,145.049,1.402,-2.184
37332823,48.80011277,2.13261912,133.575,145.027,1.389,-2.181
37372753,48.80011125,2.13262072,133.579,145.009,1.392,-2.177
37413349,48.80010973,2.13262232,133.582,144.985,1.389,-2.171
37452766,48.80010821,2.13262393,133.586,144.96,1.384,-2.154
37492793,48.80010668,2.13262553,133.589,144.945,1.375,-2.131
37532753,48.80010516,2.13262715,133.593,144.937,1.383,-2.121
37572869,48.80010364,2.13262876,133.596,144.925,1.388,-2.111
37613322,48.80010212,2.13263038,133.599,144.91,1.388,-2.105
37652806,48.8001006,2.13263199,133.603,144.897,1.386,-2.095
37692799,48.8000991,2.13263361,133.608,144.883,1.383,-2.075
37732761,48.80009758,2.13263523,133.611,144.871,1.383,-2.053
37772776,48.80009605,2.13263685,133.615,144.858,1.389,-2.046
37813328,48.80009453,2.13263846,133.619,144.845,1.384,-2.031
37852768,48.800093,2.13264008,133.622,144.833,1.376,-2.03
37892765,48.80009147,2.13264171,133.626,144.824,1.359,-2.014
37932791,48.80008995,2.13264333,133.629,144.813,1.347,-2.013
37972742,48.80008842,2.13264496,133.631,144.809,1.347,-2.023
38013384,48.8000869,2.13264659,133.634,144.803,1.363,-2.035
38052759,48.80008537,2.13264821,133.637,144.788,1.363,-2.059
38092756,48.80008384,2.13264984,133.639,144.779,1.37,-2.077
38132848,48.8000823,2.13265147,133.642,144.768,1.384,-2.098
38172811,48.80008077,2.1326531,133.645,144.749,1.388,-2.113
38213315,48.80007924,2.13265473,133.648,144.733,1.399,-2.118
38252789,48.80007771,2.13265636,133.651,144.717,1.399,-2.135
38292745,48.80007617,2.132658,133.654,144.704,1.381,-2.135
38332823,48.80007464,2.13265964,133.658,144.686,1.374,-2.148
38372750,48.80007311,2.13266128,133.661,144.677,1.363,-2.154
38413315,48.80007158,2.13266292,133.664,144.666,1.358,-2.158
38452746,48.80007004,2.13266456,133.667,144.654,1.34,-2.172
38492750,48.80006851,2.13266621,133.67,144.641,1.322,-2.167
38532759,48.80006698,2.13266785,133.673,144.619,1.32,-2.171
38572829,48.80006544,2.13266949,133.675,144.602,1.331,-2.15
38613359,48.80006391,2.13267113,133.678,144.572,1.335,-2.141
38652747,48.80006238,2.13267277,133.682,144.541,1.335,-2.125
38692738,48.80006085,2.13267441,133.686,144.513,1.34,-2.117
38732748,48.80005932,2.13267606,133.689,144.481,1.348,-2.101
38772801,48.80005779,2.1326777,133.693,144.448,1.35,-2.089
38813304,48.80005627,2.13267935,133.696,144.411,1.351,-2.078
38852760,48.80005474,2.132681,133.7,144.371,1.361,-2.071
38892756,48.80005322,2.13268264,133.703,144.328,1.356,-2.073
38932805,48.8000517,2.13268428,133.707,144.28,1.343,-2.059
38972774,48.80005018,2.13268593,133.711,144.238,1.341,-2.055
39013350,48.80004867,2.13268757,133.715,144.195,1.345,-2.052
39052740,48.80004715,2.13268922,133.718,144.153,1.337,-2.053
39092769,48.80004564,2.13269087,133.721,144.119,1.325,-2.057
39132782,48.80004413,2.13269251,133.724,144.086,1.307,-2.036
39172761,48.80004263,2.13269416,133.728,144.05,1.295,-2.033
39213346,48.80004113,2.13269581,133.731,144.016,1.289,-2.032
39252800,48.80003963,2.13269745,133.734,143.986,1.262,-2.031
39292731,48.80003814,2.13269909,133.737,143.951,1.221,-2.048
39332811,48.80003665,2.13270073,133.74,143.919,1.215,-2.053
39372792,48.80003516,2.13270236,133.744,143.889,1.223,-2.048
39413339,48.80003367,2.132704,133.747,143.856,1.23,-2.053
39452742,48.80003219,2.13270562,133.75,143.826,1.218,-2.036
39492735,48.80003072,2.13270725,133.754,143.797,1.215,-2.016
39532797,48.80002925,2.13270887,133.758,143.779,1.218,-1.986
39572812,48.8000278,2.13271048,133.762,143.761,1.228,-1.953
39613297,48.80002635,2.13271208,133.765,143.746,1.213,-1.964
39652733,48.8000249,2.13271369,133.768,143.731,1.182,-1.967
39692807,48.80002346,2.13271528,133.77,143.718,1.153,-1.977
39732748,48.80002202,2.13271688,133.773,143.706,1.149,-1.982
39772778,48.80002059,2.13271846,133.777,143.694,1.137,-1.951
39813312,48.80001917,2.13272004,133.78,143.675,1.116,-1.95
39852784,48.80001776,2.13272161,133.784,143.66,1.101,-1.909
39892742,48.80001635,2.13272317,133.788,143.649,1.098,-1.901
39932824,48.80001495,2.13272473,133.793,143.647,1.1,-1.875
39972764,48.80001355,2.13272629,133.796,143.636,1.095,-1.868
40013327,48.80001217,2.13272783,133.799,143.625,1.083,-1.863
40052782,48.80001079,2.13272936,133.802,143.615,1.074,-1.868
40092724,48.80000941,2.13273089,133.805,143.603,1.07,-1.864
40132834,48.80000805,2.13273241,133.808,143.589,1.065,-1.857
40172776,48.80000669,2.13273392,133.811,143.574,1.064,-1.85
40213309,48.80000533,2.13273543,133.814,143.565,1.047,-1.837
40252811,48.80000398,2.13273693,133.816,143.555,1.023,-1.844
40292724,48.80000263,2.13273844,133.818,143.55,1.003,-1.85
40332786,48.80000129,2.13273995,133.821,143.552,0.988,-1.863
40372772,48.79999986,2.13274156,133.826,143.552,0.965,-1.864
40413323,48.79999851,2.13274306,133.828,143.555,0.968,-1.867
40452721,48.79999717,2.13274456,133.831,143.548,0.967,-1.881
40492730,48.79999583,2.13274605,133.833,143.538,0.951,-1.898
40532801,48.79999449,2.13274754,133.836,143.535,0.944,-1.901
40572796,48.79999315,2.13274904,133.838,143.526,0.933,-1.912
40613327,48.79999181,2.13275053,133.84,143.518,0.932,-1.911
40652723,48.79999047,2.13275203,133.843,143.513,0.921,-1.914
40692783,48.79998913,2.13275352,133.846,143.51,0.906,-1.915
40732726,48.7999878,2.13275502,133.848,143.507,0.892,-1.915
40772721,48.79998646,2.13275652,133.85,143.507,0.893,-1.94
40813324,48.79998511,2.13275801,133.85,143.504,0.896,-1.962
40852744,48.79998376,2.13275952,133.852,143.504,0.889,-2.001
40892797,48.79998241,2.13276103,133.854,143.503,0.876,-2.028
40932789,48.79998106,2.13276254,133.856,143.496,0.862,-2.042
40972730,48.7999797,2.13276405,133.859,143.488,0.856,-2.045
41013365,48.79997834,2.13276557,133.862,143.479,0.86,-2.035
41052719,48.79997698,2.13276709,133.864,143.47,0.853,-2.049
41092723,48.79997562,2.13276862,133.867,143.46,0.843,-2.063
41132759,48.79997425,2.13277015,133.869,143.458,0.848,-2.105
41172781,48.79997288,2.13277169,133.871,143.455,0.863,-2.148
41213343,48.7999715,2.13277323,133.874,143.458,0.871,-2.174
41252727,48.79997012,2.13277478,133.876,143.458,0.869,-2.204
41292714,48.79996873,2.13277633,133.877,143.455,0.867,-2.215
41332768,48.79996734,2.13277789,133.879,143.455,0.854,-2.243
41372712,48.79996595,2.13277945,133.882,143.452,0.852,-2.244
41413322,48.79996455,2.13278102,133.885,143.445,0.836,-2.25
41452712,48.79996314,2.13278259,133.888,143.437,0.811,-2.257
41492747,48.79996174,2.13278417,133.891,143.432,0.818,-2.267
41532800,48.79996032,2.13278575,133.893,143.427,0.819,-2.294
41572804,48.79995891,2.13278733,133.896,143.423,0.809,-2.29
41613293,48.79995749,2.13278893,133.9,143.427,0.805,-2.289
41652711,48.79995606,2.13279053,133.903,143.437,0.812,-2.274
41692751,48.79995463,2.13279213,133.906,143.447,0.811,-2.271
41732756,48.79995319,2.13279374,133.907,143.462,0.807,-2.258
41772718,48.79995175,2.13279535,133.91,143.473,0.801,-2.263
41813336,48.7999503,2.13279697,133.914,143.489,0.809,-2.261
41852732,48.79994884,2.1327986,133.917,143.513,0.825,-2.25
41892787,48.79994739,2.13280022,133.921,143.528,0.815,-2.236
41932718,48.79994592,2.13280185,133.924,143.541,0.801,-2.225
41972740,48.79994446,2.13280349,133.928,143.561,0.803,-2.222
42013358,48.79994299,2.13280513,133.931,143.58,0.801,-2.203
42052715,48.79994152,2.13280677,133.935,143.598,0.807,-2.189
42092715,48.79994004,2.13280841,133.938,143.625,0.814,-2.167
42132749,48.79993856,2.13281006,133.941,143.641,0.811,-2.19
42172731,48.79993708,2.1328117,133.942,143.657,0.799,-2.208
42213284,48.7999356,2.13281335,133.945,143.673,0.792,-2.216
42252759,48.79993411,2.132815,133.949,143.69,0.775,-2.209
42292708,48.79993262,2.13281665,133.952,143.699,0.772,-2.194
42332749,48.79993113,2.13281831,133.956,143.713,0.775,-2.182
42372731,48.79992964,2.13281996,133.959,143.731,0.766,-2.174
42413328,48.79992815,2.13282161,133.963,143.743,0.74,-2.172
42452707,48.79992665,2.13282327,133.966,143.766,0.73,-2.172
42492702,48.79992516,2.13282493,133.969,143.79,0.753,-2.172
42532741,48.79992366,2.13282659,133.972,143.805,0.755,-2.184
42572738,48.79992216,2.13282824,133.975,143.815,0.742,-2.207
42613299,48.79992066,2.13282989,133.972,143.826,0.74,-2.217
42652701,48.79991916,2.13283155,133.975,143.835,0.744,-2.213
42692728,48.79991767,2.13283321,133.979,143.833,0.744,-2.203
42732721,48.79991616,2.13283486,133.983,143.833,0.736,-2.182
42772726,48.79991467,2.13283651,133.986,143.836,0.717,-2.185
42813307,48.79991317,2.13283817,133.989,143.838,0.703,-2.167
42852732,48.79991167,2.13283983,133.993,143.844,0.698,-2.157
42892774,48.79991017,2.13284148,133.996,143.853,0.705,-2.158
42932709,48.79990867,2.13284314,133.999,143.856,0.681,-2.167
42972748,48.79990718,2.13284479,134.002,143.854,0.667,-2.182
43013348,48.79990568,2.13284644,134.005,143.859,0.67,-2.17
43052700,48.79990418,2.1328481,134.009,143.856,0.687,-2.161
43092713,48.79990268,2.13284975,134.009,143.848,0.691,-2.136
43132734,48.79990118,2.1328514,134.013,143.838,0.693,-2.13
43172763,48.79989968,2.13285305,134.016,143.833,0.694,-2.111
43213328,48.79989819,2.1328547,134.02,143.835,0.702,-2.1
43252702,48.79989669,2.13285635,134.023,143.829,0.696,-2.086
43292703,48.7998952,2.13285801,134.026,143.82,0.684,-2.096
43332709,48.7998937,2.13285967,134.029,143.814,0.684,-2.108
43372735,48.7998922,2.13286132,134.032,143.8,0.679,-2.108
43413355,48.79989071,2.13286297,134.035,143.785,0.657,-2.107
43452709,48.79988921,2.13286463,134.039,143.767,0.657,-2.101
43492705,48.79988772,2.13286628,134.042,143.748,0.661,-2.095
43532756,48.79988642,2.13286777,134.042,143.727,0.67,-2.105
43572715,48.79988493,2.13286942,134.046,143.708,0.673,-2.092
43613319,48.79988343,2.13287108,134.049,143.688,0.67,-2.095
43652692,48.79988194,2.13287274,134.052,143.666,0.678,-2.072
43692756,48.79988045,2.1328744,134.054,143.643,0.687,-2.077
43732741,48.79987895,2.13287606,134.057,143.615,0.687,-2.081
43772760,48.79987746,2.13287771,134.06,143.589,0.681,-2.076
43813256,48.79987597,2.13287938,134.064,143.555,0.684,-2.089
43852720,48.79987448,2.13288104,134.066,143.525,0.682,-2.092
43892773,48.79987299,2.1328827,134.069,143.492,0.678,-2.108
43932703,48.79987149,2.13288437,134.072,143.462,0.67,-2.111
43972728,48.79987002,2.13288589,134.076,143.438,0.667,-2.092
44013317,48.79986853,2.13288756,134.079,143.417,0.676,-2.088
44052702,48.79986704,2.13288923,134.082,143.395,0.681,-2.084
44092745,48.79986555,2.1328909,134.085,143.375,0.68,-2.087
44132729,48.79986406,2.13289257,134.088,143.354,0.672,-2.117
44172760,48.79986257,2.13289425,134.09,143.333,0.665,-2.117
44213313,48.79986108,2.13289592,134.093,143.313,0.661,-2.145
44252687,48.79985958,2.1328976,134.096,143.296,0.657,-2.144
44292688,48.79985809,2.13289928,134.099,143.274,0.644,-2.139
44332699,48.7998566,2.13290096,134.102,143.262,0.632,-2.141
44372736,48.79985511,2.13290265,134.106,143.253,0.621,-2.118
44413265,48.79985362,2.13290433,134.11,143.248,0.601,-2.117
44452682,48.79985212,2.13290601,134.113,143.259,0.588,-2.12
44492693,48.79985063,2.1329077,134.116,143.266,0.571,-2.132
44532708,48.79984913,2.13290939,134.119,143.277,0.555,-2.152
44572705,48.79984763,2.13291108,134.122,143.298,0.562,-2.154
44613296,48.79984612,2.13291277,134.125,143.315,0.565,-2.155
44652687,48.79984462,2.13291446,134.129,143.326,0.571,-2.144
44692683,48.79984311,2.13291615,134.132,143.342,0.586,-2.134
44732718,48.79984161,2.13291784,134.135,143.356,0.591,-2.13
44772679,48.7998401,2.13291954,134.138,143.371,0.581,-2.131
44813247,48.79983858,2.13292123,134.141,143.39,0.571,-2.132
44852714,48.79983707,2.13292294,134.144,143.413,0.567,-2.144
44892704,48.79983555,2.13292464,134.145,143.429,0.555,-2.148
44932679,48.79983403,2.13292635,134.147,143.445,0.535,-2.144
44972717,48.7998325,2.13292805,134.151,143.462,0.532,-2.148
45013268,48.79983098,2.13292976,134.154,143.481,0.532,-2.135
45052689,48.79982945,2.13293147,134.157,143.494,0.527,-2.143
45092749,48.79982792,2.13293318,134.161,143.516,0.52,-2.144
45132719,48.79982638,2.13293489,134.164,143.552,0.521,-2.148
45172723,48.79982485,2.13293661,134.167,143.585,0.523,-2.144
45213288,48.79982331,2.13293832,134.17,143.619,0.52,-2.141
45252690,48.79982176,2.13294004,134.173,143.664,0.523,-2.134
45292674,48.79982022,2.13294176,134.176,143.703,0.526,-2.134
45332702,48.79981867,2.13294348,134.177,143.731,0.52,-2.139
45372691,48.79981712,2.13294519,134.18,143.764,0.518,-2.145
45413255,48.79981556,2.13294691,134.183,143.8,0.53,-2.157
45452672,48.799814,2.13294864,134.186,143.833,0.56,-2.145
45492670,48.79981244,2.13295036,134.189,143.859,0.542,-2.161
45532685,48.79981087,2.13295208,134.192,143.902,0.544,-2.148
45572698,48.79980931,2.13295381,134.196,143.947,0.559,-2.15
45613261,48.79980774,2.13295554,134.199,143.986,0.578,-2.143
45652672,48.79980616,2.13295727,134.202,144.022,0.572,-2.157
45692690,48.79980458,2.132959,134.205,144.056,0.564,-2.162
45732707,48.799803,2.13296073,134.208,144.09,0.569,-2.161
45772742,48.79980141,2.13296246,134.213,144.123,0.594,-2.176
45813230,48.79979983,2.1329642,134.216,144.154,0.6,-2.159
45852693,48.79979823,2.13296593,134.219,144.188,0.59,-2.168
45892758,48.79979664,2.13296766,134.223,144.227,0.592,-2.164
45932756,48.79979504,2.1329694,134.226,144.272,0.615,-2.161
45972739,48.79979344,2.13297114,134.229,144.311,0.642,-2.194
46013256,48.79979184,2.13297288,134.232,144.348,0.617,-2.186
46052674,48.79979023,2.13297462,134.235,144.393,0.632,-2.213
46092704,48.79978862,2.13297637,134.238,144.43,0.65,-2.215
46132722,48.799787,2.13297811,134.242,144.453,0.652,-2.208
46172709,48.79978538,2.13297985,134.245,144.487,0.654,-2.217
46213255,48.79978376,2.1329816,134.249,144.518,0.651,-2.217
46252685,48.79978214,2.13298334,134.252,144.546,0.644,-2.223
46292664,48.79978051,2.13298509,134.255,144.583,0.648,-2.216
46332672,48.79977888,2.13298684,134.259,144.622,0.653,-2.226
46372686,48.79977725,2.13298859,134.262,144.654,0.639,-2.23
46413302,48.79977562,2.13299034,134.265,144.69,0.643,-2.249
46452656,48.79977398,2.1329921,134.269,144.729,0.66,-2.244
46492678,48.79977234,2.13299385,134.272,144.749,0.665,-2.259
46532675,48.79977069,2.1329956,134.276,144.768,0.67,-2.244
46572705,48.79976904,2.13299735,134.28,144.788,0.687,-2.23
46613240,48.79976739,2.1329991,134.284,144.805,0.69,-2.222
46652660,48.79976574,2.13300086,134.288,144.82,0.694,-2.184
46692694,48.79976412,2.1330028,134.285,144.839,0.696,-2.17
46732701,48.79976247,2.13300456,134.289,144.858,0.696,-2.161
46772737,48.79976082,2.13300632,134.292,144.873,0.684,-2.164
46813285,48.79975917,2.13300808,134.295,144.88,0.665,-2.164
46852687,48.79975751,2.13300984,134.299,144.892,0.672,-2.154
46892773,48.79975586,2.1330116,134.302,144.893,0.671,-2.154
46932724,48.7997542,2.13301336,134.306,144.893,0.672,-2.128
46972678,48.79975254,2.13301512,134.31,144.904,0.678,-2.117
47013259,48.79975088,2.13301688,134.314,144.916,0.687,-2.104
47052659,48.79974922,2.13301864,134.317,144.924,0.696,-2.082
47092719,48.79974756,2.13302041,134.321,144.932,0.69,-2.092
47132757,48.7997459,2.13302217,134.319,144.944,0.688,-2.095
47172717,48.79974424,2.13302393,134.322,144.942,0.678,-2.1
47213288,48.79974257,2.1330257,134.325,144.944,0.678,-2.091
47252671,48.79974091,2.13302747,134.328,144.942,0.672,-2.073
47292711,48.79973924,2.13302923,134.332,144.939,0.667,-2.072
47332727,48.79973757,2.133031,134.335,144.945,0.667,-2.044
47372695,48.7997359,2.13303277,134.338,144.949,0.681,-2.035
47413257,48.79973424,2.13303454,134.341,144.958,0.696,-2.022
47452652,48.79973257,2.13303631,134.344,144.973,0.703,-2.028
47492672,48.79973089,2.13303809,134.347,144.975,0.703,-2.033
47532659,48.79972922,2.13303986,134.35,144.976,0.703,-2.019
47572672,48.79972754,2.13304163,134.355,144.979,0.721,-2.026
47613220,48.79972586,2.13304341,134.358,144.984,0.722,-2.004
47652659,48.79972419,2.13304518,134.36,144.975,0.709,-2.01
47692670,48.79972251,2.13304696,134.363,144.981,0.713,-2.013
47732730,48.79972083,2.13304874,134.366,144.996,0.724,-2.008
47772662,48.79971915,2.13305052,134.369,144.998,0.723,-2.023
47813281,48.79971747,2.13305231,134.371,145.008,0.729,-2.042
47852666,48.79971578,2.13305409,134.374,145.015,0.742,-2.082
47892660,48.79971409,2.13305587,134.377,145.013,0.753,-2.086
47932670,48.7997124,2.13305766,134.38,145.012,0.766,-2.082
47972652,48.79971072,2.13305944,134.383,145.016,0.782,-2.081
48013283,48.79970902,2.13306123,134.387,145.018,0.784,-2.071
48052661,48.79970733,2.13306301,134.39,145.033,0.788,-2.073
48092665,48.79970564,2.13306481,134.392,145.049,0.796,-2.062
48132754,48.79970395,2.1330666,134.395,145.058,0.792,-2.075
48172673,48.79970225,2.13306839,134.398,145.078,0.782,-2.084
48213274,48.79970056,2.13307018,134.401,145.093,0.765,-2.085
48252643,48.79969886,2.13307197,134.404,145.108,0.759,-2.098
48292645,48.79969716,2.13307376,134.408,145.13,0.766,-2.078
48332654,48.79969546,2.13307555,134.412,145.147,0.763,-2.073
48372696,48.79969376,2.13307734,134.415,145.166,0.762,-2.059
48413259,48.79969206,2.13307913,134.418,145.193,0.763,-2.059
48452653,48.79969036,2.13308092,134.421,145.224,0.778,-2.057
48492691,48.79968865,2.13308271,134.429,145.247,0.777,-2.046
48532651,48.79968695,2.1330845,134.431,145.263,0.755,-2.064
48572664,48.79968524,2.13308629,134.434,145.287,0.759,-2.059
48613201,48.79968354,2.13308807,134.437,145.309,0.763,-2.055
48652696,48.79968183,2.13308986,134.441,145.323,0.751,-2.05
48692666,48.79968013,2.13309164,134.444,145.347,0.729,-2.028
48732653,48.79967842,2.13309342,134.448,145.36,0.73,-2.028
48772695,48.79967672,2.1330952,134.451,145.376,0.726,-1.986
48813216,48.79967501,2.13309698,134.455,145.406,0.73,-1.977
48852659,48.79967331,2.13309876,134.458,145.434,0.729,-1.962
48892673,48.7996716,2.13310054,134.461,145.446,0.696,-1.963
48932710,48.7996699,2.13310232,134.465,145.465,0.691,-1.971
48972708,48.79966819,2.13310409,134.468,145.494,0.688,-1.964
49013281,48.79966649,2.13310586,134.472,145.5,0.703,-1.96
49052636,48.79966479,2.13310763,134.474,145.516,0.69,-1.935
49092643,48.79966308,2.1331094,134.478,145.526,0.696,-1.95
49132707,48.79966138,2.13311116,134.48,145.548,0.693,-1.941
49172702,48.79965968,2.13311293,134.483,145.561,0.687,-1.958
49213265,48.79965798,2.1331147,134.486,145.587,0.682,-1.948
49252643,48.79965628,2.13311646,134.489,145.604,0.667,-1.947
49292684,48.79965458,2.13311822,134.491,145.61,0.659,-1.953
49332647,48.79965288,2.13311999,134.494,145.615,0.663,-1.948
49372696,48.79965114,2.13312169,134.499,145.615,0.682,-1.961
49413215,48.79964944,2.13312345,134.501,145.613,0.707,-1.979
49452643,48.79964774,2.1331252,134.504,145.608,0.733,-1.998
49492645,48.79964604,2.13312696,134.507,145.612,0.773,-2.009
49532646,48.79964435,2.13312871,134.51,145.609,0.801,-2.003
49572713,48.79964265,2.13313046,134.513,145.604,0.793,-1.998
49613196,48.79964096,2.13313221,134.516,145.595,0.782,-1.996
49652630,48.79963926,2.13313397,134.519,145.578,0.763,-2.004
49692703,48.79963757,2.13313572,134.521,145.563,0.744,-2.059
49732693,48.79963588,2.13313748,134.524,145.55,0.73,-2.075
49772681,48.79963419,2.13313923,134.527,145.531,0.709,-2.085
49813205,48.79963253,2.13314095,134.53,145.518,0.709,-2.067
49852691,48.79963085,2.1331427,134.534,145.511,0.746,-2.042
49892654,48.79962916,2.13314446,134.538,145.501,0.777,-2.012
49932675,48.79962746,2.13314621,134.541,145.495,0.796,-2.012
49972617,48.79962577,2.13314797,134.544,145.485,0.812,-2.036
50013280,48.79962408,2.13314972,134.546,145.473,0.821,-2.052
50052636,48.79962239,2.13315148,134.549,145.462,0.811,-2.094
50092671,48.7996207,2.13315323,134.552,145.45,0.806,-2.105
50132728,48.79961901,2.133155,134.556,145.438,0.819,-2.131
50172627,48.79961732,2.13315676,134.56,145.423,0.838,-2.112
50213256,48.79961563,2.13315852,134.563,145.41,0.843,-2.099
50252635,48.79961393,2.13316028,134.566,145.407,0.847,-2.149
50292670,48.79961224,2.13316205,134.565,145.391,0.857,-2.158
50332642,48.79961054,2.13316382,134.568,145.376,0.881,-2.216
50372661,48.79960885,2.13316558,134.571,145.361,0.913,-2.223
50413190,48.79960716,2.13316735,134.574,145.326,0.916,-2.263
50452625,48.79960546,2.13316911,134.577,145.298,0.926,-2.299
50492700,48.79960376,2.13317088,134.581,145.266,0.915,-2.312
50532644,48.79960207,2.13317266,134.585,145.224,0.907,-2.332
50572683,48.79960038,2.13317444,134.589,145.19,0.909,-2.307
50613219,48.79959868,2.13317622,134.593,145.162,0.931,-2.306
50652625,48.79959699,2.133178,134.597,145.118,0.913,-2.304
50692644,48.79959529,2.13317979,134.6,145.091,0.938,-2.339
50732689,48.7995936,2.13318157,134.607,145.046,0.939,-2.322
